address_id,address,address2,district,city_id,postal_code,phone,last_update
1,47 MySakila Drive,, ,300,, ,2020-12-23 07:12:21
2,28 MySQL Boulevard,, ,576,, ,2020-12-23 07:12:21
3,23 Workhaven Lane,, ,300,, ,2020-12-23 07:12:21
4,1411 Lillydale Drive,, ,576,, ,2020-12-23 07:12:21
5,1913 Hanoi Way,, ,463,35200, ,2020-12-23 07:12:21
6,1121 Loja Avenue,, ,449,17886, ,2020-12-23 07:12:21
7,692 Joliet Street,, ,38,83579, ,2020-12-23 07:12:21
8,1566 Inegl Manor,, ,349,53561, ,2020-12-23 07:12:21
9,53 Idfu Parkway,, ,361,42399, ,2020-12-23 07:12:21
10,1795 Santiago de Compostela Way,, ,295,18743, ,2020-12-23 07:12:21
11,900 Santiago de Compostela Parkway,, ,280,93896, ,2020-12-23 07:12:21
12,478 Joliet Way,, ,200,77948, ,2020-12-23 07:12:21
13,613 Korolev Drive,, ,329,45844, ,2020-12-23 07:12:21
14,1531 Sal Drive,, ,162,53628, ,2020-12-23 07:12:21
15,1542 Tarlac Parkway,, ,440,1027, ,2020-12-23 07:12:21
16,808 Bhopal Manor,, ,582,10672, ,2020-12-23 07:12:21
17,270 Amroha Parkway,, ,384,29610, ,2020-12-23 07:12:21
18,770 Bydgoszcz Avenue,, ,120,16266, ,2020-12-23 07:12:21
19,419 Iligan Lane,, ,76,72878, ,2020-12-23 07:12:21
20,360 Toulouse Parkway,, ,495,54308, ,2020-12-23 07:12:21
21,270 Toulon Boulevard,, ,156,81766, ,2020-12-23 07:12:21
22,320 Brest Avenue,, ,252,43331, ,2020-12-23 07:12:21
23,1417 Lancaster Avenue,, ,267,72192, ,2020-12-23 07:12:21
24,1688 Okara Way,, ,327,21954, ,2020-12-23 07:12:21
25,262 A Corua (La Corua) Parkway,, ,525,34418, ,2020-12-23 07:12:21
26,28 Charlotte Amalie Street,, ,443,37551, ,2020-12-23 07:12:21
27,1780 Hino Boulevard,, ,303,7716, ,2020-12-23 07:12:21
28,96 Tafuna Way,, ,128,99865, ,2020-12-23 07:12:21
29,934 San Felipe de Puerto Plata Street,, ,472,99780, ,2020-12-23 07:12:21
30,18 Duisburg Boulevard,, ,121,58327, ,2020-12-23 07:12:21
31,217 Botshabelo Place,, ,138,49521, ,2020-12-23 07:12:21
32,1425 Shikarpur Manor,, ,346,65599, ,2020-12-23 07:12:21
33,786 Aurora Avenue,, ,474,65750, ,2020-12-23 07:12:21
34,1668 Anpolis Street,, ,316,50199, ,2020-12-23 07:12:21
35,33 Gorontalo Way,, ,257,30348, ,2020-12-23 07:12:21
36,176 Mandaluyong Place,, ,239,65213, ,2020-12-23 07:12:21
37,127 Purnea (Purnia) Manor,, ,17,79388, ,2020-12-23 07:12:21
38,61 Tama Street,, ,284,94065, ,2020-12-23 07:12:22
39,391 Callao Drive,, ,544,34021, ,2020-12-23 07:12:22
40,334 Munger (Monghyr) Lane,, ,31,38145, ,2020-12-23 07:12:22
41,1440 Fukuyama Loop,, ,362,47929, ,2020-12-23 07:12:22
42,269 Cam Ranh Parkway,, ,115,34689, ,2020-12-23 07:12:22
43,306 Antofagasta Place,, ,569,3989, ,2020-12-23 07:12:22
44,671 Graz Street,, ,353,94399, ,2020-12-23 07:12:22
45,42 Brindisi Place,, ,586,16744, ,2020-12-23 07:12:22
46,1632 Bislig Avenue,, ,394,61117, ,2020-12-23 07:12:22
47,1447 Imus Way,, ,167,48942, ,2020-12-23 07:12:22
48,1998 Halifax Drive,, ,308,76022, ,2020-12-23 07:12:22
49,1718 Valencia Street,, ,27,37359, ,2020-12-23 07:12:22
50,46 Pjatigorsk Lane,, ,343,23616, ,2020-12-23 07:12:22
51,686 Garland Manor,, ,247,52535, ,2020-12-23 07:12:22
52,909 Garland Manor,, ,367,69367, ,2020-12-23 07:12:22
53,725 Isesaki Place,, ,237,74428, ,2020-12-23 07:12:22
54,115 Hidalgo Parkway,, ,379,80168, ,2020-12-23 07:12:22
55,1135 Izumisano Parkway,, ,171,48150, ,2020-12-23 07:12:22
56,939 Probolinggo Loop,, ,1,4166, ,2020-12-23 07:12:22
57,17 Kabul Boulevard,, ,355,38594, ,2020-12-23 07:12:22
58,1964 Allappuzha (Alleppey) Street,, ,227,48980, ,2020-12-23 07:12:22
59,1697 Kowloon and New Kowloon Loop,, ,49,57807, ,2020-12-23 07:12:22
60,1668 Saint Louis Place,, ,397,39072, ,2020-12-23 07:12:22
61,943 Tokat Street,, ,560,45428, ,2020-12-23 07:12:22
62,1114 Liepaja Street,, ,282,69226, ,2020-12-23 07:12:22
63,1213 Ranchi Parkway,, ,350,94352, ,2020-12-23 07:12:22
64,81 Hodeida Way,, ,231,55561, ,2020-12-23 07:12:22
65,915 Ponce Place,, ,56,83980, ,2020-12-23 07:12:22
66,1717 Guadalajara Lane,, ,441,85505, ,2020-12-23 07:12:22
67,1214 Hanoi Way,, ,306,67055, ,2020-12-23 07:12:22
68,1966 Amroha Avenue,, ,139,70385, ,2020-12-23 07:12:22
69,698 Otsu Street,, ,105,71110, ,2020-12-23 07:12:22
70,1150 Kimchon Manor,, ,321,96109, ,2020-12-23 07:12:22
71,1586 Guaruj Place,, ,579,5135, ,2020-12-23 07:12:22
72,57 Arlington Manor,, ,475,48960, ,2020-12-23 07:12:22
73,1031 Daugavpils Parkway,, ,63,59025, ,2020-12-23 07:12:22
74,1124 Buenaventura Drive,, ,13,6856, ,2020-12-23 07:12:22
75,492 Cam Ranh Street,, ,61,50805, ,2020-12-23 07:12:22
76,89 Allappuzha (Alleppey) Manor,, ,517,75444, ,2020-12-23 07:12:22
77,1947 Poos de Caldas Boulevard,, ,114,60951, ,2020-12-23 07:12:22
78,1206 Dos Quebradas Place,, ,431,20207, ,2020-12-23 07:12:22
79,1551 Rampur Lane,, ,108,72394, ,2020-12-23 07:12:22
80,602 Paarl Street,, ,402,98889, ,2020-12-23 07:12:22
81,1692 Ede Loop,, ,30,9223, ,2020-12-23 07:12:22
82,936 Salzburg Lane,, ,425,96709, ,2020-12-23 07:12:22
83,586 Tete Way,, ,256,1079, ,2020-12-23 07:12:22
84,1888 Kabul Drive,, ,217,20936, ,2020-12-23 07:12:22
85,320 Baiyin Parkway,, ,319,37307, ,2020-12-23 07:12:22
86,927 Baha Blanca Parkway,, ,479,9495, ,2020-12-23 07:12:22
87,929 Tallahassee Loop,, ,497,74671, ,2020-12-23 07:12:22
88,125 Citt del Vaticano Boulevard,, ,40,67912, ,2020-12-23 07:12:22
89,1557 Ktahya Boulevard,, ,88,88002, ,2020-12-23 07:12:22
90,870 Ashqelon Loop,, ,489,84931, ,2020-12-23 07:12:22
91,1740 Portoviejo Avenue,, ,480,29932, ,2020-12-23 07:12:22
92,1942 Ciparay Parkway,, ,113,82624, ,2020-12-23 07:12:22
93,1926 El Alto Avenue,, ,289,75543, ,2020-12-23 07:12:22
94,1952 Chatsworth Drive,, ,332,25958, ,2020-12-23 07:12:22
95,1370 Le Mans Avenue,, ,53,52163, ,2020-12-23 07:12:22
96,984 Effon-Alaiye Avenue,, ,183,17119, ,2020-12-23 07:12:22
97,832 Nakhon Sawan Manor,, ,592,49021, ,2020-12-23 07:12:22
98,152 Kitwe Parkway,, ,82,53182, ,2020-12-23 07:12:22
99,1697 Tanauan Lane,, ,399,22870, ,2020-12-23 07:12:22
100,1308 Arecibo Way,, ,41,30695, ,2020-12-23 07:12:22
101,1599 Plock Drive,, ,534,71986, ,2020-12-23 07:12:22
102,669 Firozabad Loop,, ,12,92265, ,2020-12-23 07:12:22
103,588 Vila Velha Manor,, ,268,51540, ,2020-12-23 07:12:22
104,1913 Kamakura Place,, ,238,97287, ,2020-12-23 07:12:22
105,733 Mandaluyong Place,, ,2,77459, ,2020-12-23 07:12:22
106,659 Vaduz Drive,, ,34,49708, ,2020-12-23 07:12:22
107,1177 Jelets Way,, ,220,3305, ,2020-12-23 07:12:22
108,1386 Yangor Avenue,, ,543,80720, ,2020-12-23 07:12:22
109,454 Nakhon Sawan Boulevard,, ,173,76383, ,2020-12-23 07:12:22
110,1867 San Juan Bautista Tuxtepec Avenue,, ,225,78311, ,2020-12-23 07:12:22
111,1532 Dzerzinsk Way,, ,334,9599, ,2020-12-23 07:12:22
112,1002 Ahmadnagar Manor,, ,213,93026, ,2020-12-23 07:12:22
113,682 Junan Way,, ,273,30418, ,2020-12-23 07:12:22
114,804 Elista Drive,, ,159,61069, ,2020-12-23 07:12:22
115,1378 Alvorada Avenue,, ,102,75834, ,2020-12-23 07:12:23
116,793 Cam Ranh Avenue,, ,292,87057, ,2020-12-23 07:12:23
117,1079 Tel Aviv-Jaffa Boulevard,, ,132,10885, ,2020-12-23 07:12:23
118,442 Rae Bareli Place,, ,148,24321, ,2020-12-23 07:12:23
119,1107 Nakhon Sawan Avenue,, ,365,75149, ,2020-12-23 07:12:23
120,544 Malm Parkway,, ,403,63502, ,2020-12-23 07:12:23
121,1967 Sincelejo Place,, ,176,73644, ,2020-12-23 07:12:23
122,333 Goinia Way,, ,185,78625, ,2020-12-23 07:12:23
123,1987 Coacalco de Berriozbal Loop,, ,476,96065, ,2020-12-23 07:12:23
124,241 Mosul Lane,, ,147,76157, ,2020-12-23 07:12:23
125,211 Chiayi Drive,, ,164,58186, ,2020-12-23 07:12:23
126,1175 Tanauan Way,, ,305,64615, ,2020-12-23 07:12:23
127,117 Boa Vista Way,, ,566,6804, ,2020-12-23 07:12:23
128,848 Tafuna Manor,, ,281,45142, ,2020-12-23 07:12:23
129,569 Baicheng Lane,, ,85,60304, ,2020-12-23 07:12:23
130,1666 Qomsheh Drive,, ,410,66255, ,2020-12-23 07:12:23
131,801 Hagonoy Drive,, ,484,8439, ,2020-12-23 07:12:23
132,1050 Garden Grove Avenue,, ,236,4999, ,2020-12-23 07:12:23
133,1854 Tieli Street,, ,302,15819, ,2020-12-23 07:12:23
134,758 Junan Lane,, ,190,82639, ,2020-12-23 07:12:23
135,1752 So Leopoldo Parkway,, ,345,14014, ,2020-12-23 07:12:23
136,898 Belm Manor,, ,87,49757, ,2020-12-23 07:12:23
137,261 Saint Louis Way,, ,541,83401, ,2020-12-23 07:12:23
138,765 Southampton Drive,, ,421,4285, ,2020-12-23 07:12:23
139,943 Johannesburg Avenue,, ,417,5892, ,2020-12-23 07:12:23
140,788 Atinsk Street,, ,211,81691, ,2020-12-23 07:12:23
141,1749 Daxian Place,, ,29,11044, ,2020-12-23 07:12:23
142,1587 Sullana Lane,, ,207,85769, ,2020-12-23 07:12:23
143,1029 Dzerzinsk Manor,, ,542,57519, ,2020-12-23 07:12:23
144,1666 Beni-Mellal Place,, ,123,13377, ,2020-12-23 07:12:23
145,928 Jaffna Loop,, ,172,93762, ,2020-12-23 07:12:23
146,483 Ljubertsy Parkway,, ,149,60562, ,2020-12-23 07:12:23
147,374 Bat Yam Boulevard,, ,266,97700, ,2020-12-23 07:12:23
148,1027 Songkhla Manor,, ,340,30861, ,2020-12-23 07:12:23
149,999 Sanaa Loop,, ,491,3439, ,2020-12-23 07:12:23
150,879 Newcastle Way,, ,499,90732, ,2020-12-23 07:12:23
151,1337 Lincoln Parkway,, ,555,99457, ,2020-12-23 07:12:23
152,1952 Pune Lane,, ,442,92150, ,2020-12-23 07:12:23
153,782 Mosul Street,, ,94,25545, ,2020-12-23 07:12:23
154,781 Shimonoseki Drive,, ,202,95444, ,2020-12-23 07:12:23
155,1560 Jelets Boulevard,, ,291,77777, ,2020-12-23 07:12:23
156,1963 Moscow Place,, ,354,64863, ,2020-12-23 07:12:23
157,456 Escobar Way,, ,232,36061, ,2020-12-23 07:12:23
158,798 Cianjur Avenue,, ,590,76990, ,2020-12-23 07:12:23
159,185 Novi Sad Place,, ,72,41778, ,2020-12-23 07:12:23
160,1367 Yantai Manor,, ,381,21294, ,2020-12-23 07:12:23
161,1386 Nakhon Sawan Boulevard,, ,420,53502, ,2020-12-23 07:12:23
162,369 Papeete Way,, ,187,66639, ,2020-12-23 07:12:23
163,1440 Compton Place,, ,307,81037, ,2020-12-23 07:12:23
164,1623 Baha Blanca Manor,, ,310,81511, ,2020-12-23 07:12:23
165,97 Shimoga Avenue,, ,533,44660, ,2020-12-23 07:12:23
166,1740 Le Mans Loop,, ,297,22853, ,2020-12-23 07:12:23
167,1287 Xiangfan Boulevard,, ,253,57844, ,2020-12-23 07:12:23
168,842 Salzburg Lane,, ,529,3313, ,2020-12-23 07:12:23
169,154 Tallahassee Loop,, ,199,62250, ,2020-12-23 07:12:23
170,710 San Felipe del Progreso Avenue,, ,304,76901, ,2020-12-23 07:12:23
171,1540 Wroclaw Drive,, ,107,62686, ,2020-12-23 07:12:23
172,475 Atinsk Way,, ,240,59571, ,2020-12-23 07:12:23
173,1294 Firozabad Drive,, ,407,70618, ,2020-12-23 07:12:23
174,1877 Ezhou Lane,, ,550,63337, ,2020-12-23 07:12:23
175,316 Uruapan Street,, ,223,58194, ,2020-12-23 07:12:23
176,29 Pyongyang Loop,, ,58,47753, ,2020-12-23 07:12:23
177,1010 Klerksdorp Way,, ,186,6802, ,2020-12-23 07:12:23
178,1848 Salala Boulevard,, ,373,25220, ,2020-12-23 07:12:23
179,431 Xiangtan Avenue,, ,18,4854, ,2020-12-23 07:12:23
180,757 Rustenburg Avenue,, ,483,89668, ,2020-12-23 07:12:23
181,146 Johannesburg Way,, ,330,54132, ,2020-12-23 07:12:23
182,1891 Rizhao Boulevard,, ,456,47288, ,2020-12-23 07:12:23
183,1089 Iwatsuki Avenue,, ,270,35109, ,2020-12-23 07:12:23
184,1410 Benin City Parkway,, ,405,29747, ,2020-12-23 07:12:23
185,682 Garden Grove Place,, ,333,67497, ,2020-12-23 07:12:23
186,533 al-Ayn Boulevard,, ,126,8862, ,2020-12-23 07:12:23
187,1839 Szkesfehrvr Parkway,, ,317,55709, ,2020-12-23 07:12:23
188,741 Ambattur Manor,, ,438,43310, ,2020-12-23 07:12:23
189,927 Barcelona Street,, ,467,65121, ,2020-12-23 07:12:23
190,435 0 Way,, ,195,74750, ,2020-12-23 07:12:23
191,140 Chiayi Parkway,, ,506,38982, ,2020-12-23 07:12:23
192,1166 Changhwa Street,, ,62,58852, ,2020-12-23 07:12:23
193,891 Novi Sad Manor,, ,383,5379, ,2020-12-23 07:12:23
194,605 Rio Claro Parkway,, ,513,49348, ,2020-12-23 07:12:23
195,1077 San Felipe de Puerto Plata Place,, ,369,65387, ,2020-12-23 07:12:24
196,9 San Miguel de Tucumn Manor,, ,169,90845, ,2020-12-23 07:12:24
197,447 Surakarta Loop,, ,271,10428, ,2020-12-23 07:12:24
198,345 Oshawa Boulevard,, ,204,32114, ,2020-12-23 07:12:24
199,1792 Valle de la Pascua Place,, ,477,15540, ,2020-12-23 07:12:24
200,1074 Binzhou Manor,, ,325,36490, ,2020-12-23 07:12:24
201,817 Bradford Loop,, ,109,89459, ,2020-12-23 07:12:24
202,955 Bamenda Way,, ,218,1545, ,2020-12-23 07:12:24
203,1149 A Corua (La Corua) Boulevard,, ,194,95824, ,2020-12-23 07:12:24
204,387 Mwene-Ditu Drive,, ,35,8073, ,2020-12-23 07:12:24
205,68 Molodetno Manor,, ,575,4662, ,2020-12-23 07:12:24
206,642 Nador Drive,, ,77,3924, ,2020-12-23 07:12:24
207,1688 Nador Lane,, ,184,61613, ,2020-12-23 07:12:24
208,1215 Pyongyang Parkway,, ,557,25238, ,2020-12-23 07:12:24
209,1679 Antofagasta Street,, ,122,86599, ,2020-12-23 07:12:24
210,1304 s-Hertogenbosch Way,, ,83,10925, ,2020-12-23 07:12:24
211,850 Salala Loop,, ,371,10800, ,2020-12-23 07:12:24
212,624 Oshawa Boulevard,, ,51,89959, ,2020-12-23 07:12:24
213,43 Dadu Avenue,, ,74,4855, ,2020-12-23 07:12:24
214,751 Lima Loop,, ,7,99405, ,2020-12-23 07:12:24
215,1333 Haldia Street,, ,174,82161, ,2020-12-23 07:12:24
216,660 Jedda Boulevard,, ,65,25053, ,2020-12-23 07:12:24
217,1001 Miyakonojo Lane,, ,518,67924, ,2020-12-23 07:12:24
218,226 Brest Manor,, ,508,2299, ,2020-12-23 07:12:24
219,1229 Valencia Parkway,, ,498,99124, ,2020-12-23 07:12:24
220,1201 Qomsheh Manor,, ,28,21464, ,2020-12-23 07:12:24
221,866 Shivapuri Manor,, ,448,22474, ,2020-12-23 07:12:24
222,1168 Najafabad Parkway,, ,251,40301, ,2020-12-23 07:12:24
223,1244 Allappuzha (Alleppey) Place,, ,567,20657, ,2020-12-23 07:12:24
224,1842 Luzinia Boulevard,, ,593,94420, ,2020-12-23 07:12:24
225,1926 Gingoog Street,, ,511,22824, ,2020-12-23 07:12:24
226,810 Palghat (Palakkad) Boulevard,, ,235,73431, ,2020-12-23 07:12:24
227,1820 Maring Parkway,, ,324,88307, ,2020-12-23 07:12:24
228,60 Poos de Caldas Street,, ,243,82338, ,2020-12-23 07:12:24
229,1014 Loja Manor,, ,22,66851, ,2020-12-23 07:12:24
230,201 Effon-Alaiye Way,, ,37,64344, ,2020-12-23 07:12:24
231,430 Alessandria Loop,, ,439,47446, ,2020-12-23 07:12:24
232,754 Valencia Place,, ,406,87911, ,2020-12-23 07:12:24
233,356 Olomouc Manor,, ,26,93323, ,2020-12-23 07:12:24
234,1256 Bislig Boulevard,, ,86,50598, ,2020-12-23 07:12:24
235,954 Kimchon Place,, ,559,42420, ,2020-12-23 07:12:24
236,885 Yingkou Manor,, ,596,31390, ,2020-12-23 07:12:24
237,1736 Cavite Place,, ,216,98775, ,2020-12-23 07:12:24
238,346 Skikda Parkway,, ,233,90628, ,2020-12-23 07:12:24
239,98 Stara Zagora Boulevard,, ,96,76448, ,2020-12-23 07:12:24
240,1479 Rustenburg Boulevard,, ,527,18727, ,2020-12-23 07:12:24
241,647 A Corua (La Corua) Street,, ,357,36971, ,2020-12-23 07:12:24
242,1964 Gijn Manor,, ,473,14408, ,2020-12-23 07:12:24
243,47 Syktyvkar Lane,, ,118,22236, ,2020-12-23 07:12:24
244,1148 Saarbrcken Parkway,, ,226,1921, ,2020-12-23 07:12:24
245,1103 Bilbays Parkway,, ,578,87660, ,2020-12-23 07:12:24
246,1246 Boksburg Parkway,, ,422,28349, ,2020-12-23 07:12:24
247,1483 Pathankot Street,, ,454,37288, ,2020-12-23 07:12:24
248,582 Papeete Loop,, ,294,27722, ,2020-12-23 07:12:24
249,300 Junan Street,, ,553,81314, ,2020-12-23 07:12:24
250,829 Grand Prairie Way,, ,328,6461, ,2020-12-23 07:12:24
251,1473 Changhwa Parkway,, ,124,75933, ,2020-12-23 07:12:24
252,1309 Weifang Street,, ,520,57338, ,2020-12-23 07:12:24
253,1760 Oshawa Manor,, ,535,38140, ,2020-12-23 07:12:24
254,786 Stara Zagora Way,, ,390,98332, ,2020-12-23 07:12:24
255,1966 Tonghae Street,, ,198,36481, ,2020-12-23 07:12:24
256,1497 Yuzhou Drive,, ,312,3433, ,2020-12-23 07:12:24
258,752 Ondo Loop,, ,338,32474, ,2020-12-23 07:12:24
259,1338 Zalantun Lane,, ,413,45403, ,2020-12-23 07:12:24
260,127 Iwakuni Boulevard,, ,192,20777, ,2020-12-23 07:12:24
261,51 Laredo Avenue,, ,342,68146, ,2020-12-23 07:12:24
262,771 Yaound Manor,, ,64,86768, ,2020-12-23 07:12:24
263,532 Toulon Street,, ,460,69517, ,2020-12-23 07:12:24
264,1027 Banjul Place,, ,197,50390, ,2020-12-23 07:12:24
265,1158 Mandi Bahauddin Parkway,, ,136,98484, ,2020-12-23 07:12:24
266,862 Xintai Lane,, ,548,30065, ,2020-12-23 07:12:24
267,816 Cayenne Parkway,, ,414,93629, ,2020-12-23 07:12:24
268,1831 Nam Dinh Loop,, ,323,51990, ,2020-12-23 07:12:24
269,446 Kirovo-Tepetsk Lane,, ,203,19428, ,2020-12-23 07:12:24
270,682 Halisahar Place,, ,378,20536, ,2020-12-23 07:12:24
271,1587 Loja Manor,, ,447,5410, ,2020-12-23 07:12:24
272,1762 Paarl Parkway,, ,298,53928, ,2020-12-23 07:12:24
273,1519 Ilorin Place,, ,395,49298, ,2020-12-23 07:12:24
274,920 Kumbakonam Loop,, ,446,75090, ,2020-12-23 07:12:24
275,906 Goinia Way,, ,255,83565, ,2020-12-23 07:12:24
276,1675 Xiangfan Manor,, ,283,11763, ,2020-12-23 07:12:24
277,85 San Felipe de Puerto Plata Drive,, ,584,46063, ,2020-12-23 07:12:24
278,144 South Hill Loop,, ,445,2012, ,2020-12-23 07:12:24
279,1884 Shikarpur Avenue,, ,263,85548, ,2020-12-23 07:12:24
280,1980 Kamjanets-Podilskyi Street,, ,404,89502, ,2020-12-23 07:12:24
281,1944 Bamenda Way,, ,573,24645, ,2020-12-23 07:12:24
282,556 Baybay Manor,, ,374,55802, ,2020-12-23 07:12:24
283,457 Tongliao Loop,, ,222,56254, ,2020-12-23 07:12:25
284,600 Bradford Street,, ,514,96204, ,2020-12-23 07:12:25
285,1006 Santa Brbara dOeste Manor,, ,389,36229, ,2020-12-23 07:12:25
286,1308 Sumy Loop,, ,175,30657, ,2020-12-23 07:12:25
287,1405 Chisinau Place,, ,411,8160, ,2020-12-23 07:12:25
288,226 Halifax Street,, ,277,58492, ,2020-12-23 07:12:25
289,1279 Udine Parkway,, ,69,75860, ,2020-12-23 07:12:25
290,1336 Benin City Drive,, ,386,46044, ,2020-12-23 07:12:25
291,1155 Liaocheng Place,, ,152,22650, ,2020-12-23 07:12:25
292,1993 Tabuk Lane,, ,522,64221, ,2020-12-23 07:12:25
293,86 Higashiosaka Lane,, ,563,33768, ,2020-12-23 07:12:25
294,1912 Allende Manor,, ,279,58124, ,2020-12-23 07:12:25
295,544 Tarsus Boulevard,, ,562,53145, ,2020-12-23 07:12:25
296,1936 Cuman Avenue,, ,433,61195, ,2020-12-23 07:12:25
297,1192 Tongliao Street,, ,470,19065, ,2020-12-23 07:12:25
298,44 Najafabad Way,, ,146,61391, ,2020-12-23 07:12:25
299,32 Pudukkottai Lane,, ,140,38834, ,2020-12-23 07:12:25
300,661 Chisinau Lane,, ,274,8856, ,2020-12-23 07:12:25
301,951 Stara Zagora Manor,, ,400,98573, ,2020-12-23 07:12:25
302,922 Vila Velha Loop,, ,9,4085, ,2020-12-23 07:12:25
303,898 Jining Lane,, ,387,40070, ,2020-12-23 07:12:25
304,1635 Kuwana Boulevard,, ,205,52137, ,2020-12-23 07:12:25
305,41 El Alto Parkway,, ,398,56883, ,2020-12-23 07:12:25
306,1883 Maikop Lane,, ,254,68469, ,2020-12-23 07:12:25
307,1908 Gaziantep Place,, ,536,58979, ,2020-12-23 07:12:25
308,687 Alessandria Parkway,, ,455,57587, ,2020-12-23 07:12:25
309,827 Yuncheng Drive,, ,99,79047, ,2020-12-23 07:12:25
310,913 Coacalco de Berriozbal Loop,, ,33,42141, ,2020-12-23 07:12:25
311,715 So Bernardo do Campo Lane,, ,507,84804, ,2020-12-23 07:12:25
312,1354 Siegen Street,, ,25,80184, ,2020-12-23 07:12:25
313,1191 Sungai Petani Boulevard,, ,262,9668, ,2020-12-23 07:12:25
314,1224 Huejutla de Reyes Boulevard,, ,91,70923, ,2020-12-23 07:12:25
315,543 Bergamo Avenue,, ,215,59686, ,2020-12-23 07:12:25
316,746 Joliet Lane,, ,286,94878, ,2020-12-23 07:12:25
317,780 Kimberley Way,, ,515,17032, ,2020-12-23 07:12:25
318,1774 Yaound Place,, ,166,91400, ,2020-12-23 07:12:25
319,1957 Yantai Lane,, ,490,59255, ,2020-12-23 07:12:25
320,1542 Lubumbashi Boulevard,, ,57,62472, ,2020-12-23 07:12:25
321,651 Pathankot Loop,, ,336,59811, ,2020-12-23 07:12:25
322,1359 Zhoushan Parkway,, ,545,29763, ,2020-12-23 07:12:25
323,1769 Iwaki Lane,, ,97,25787, ,2020-12-23 07:12:25
324,1145 Vilnius Manor,, ,451,73170, ,2020-12-23 07:12:25
325,1892 Nabereznyje Telny Lane,, ,516,28396, ,2020-12-23 07:12:25
326,470 Boksburg Street,, ,81,97960, ,2020-12-23 07:12:25
327,1427 A Corua (La Corua) Place,, ,45,85799, ,2020-12-23 07:12:25
328,479 San Felipe del Progreso Avenue,, ,130,54949, ,2020-12-23 07:12:25
329,867 Benin City Avenue,, ,591,78543, ,2020-12-23 07:12:25
330,981 Kumbakonam Place,, ,89,87611, ,2020-12-23 07:12:25
331,1016 Iwakuni Street,, ,269,49833, ,2020-12-23 07:12:25
332,663 Baha Blanca Parkway,, ,5,33463, ,2020-12-23 07:12:25
333,1860 Taguig Loop,, ,119,59550, ,2020-12-23 07:12:25
334,1816 Bydgoszcz Loop,, ,234,64308, ,2020-12-23 07:12:25
335,587 Benguela Manor,, ,42,91590, ,2020-12-23 07:12:25
336,430 Kumbakonam Drive,, ,457,28814, ,2020-12-23 07:12:25
337,1838 Tabriz Lane,, ,143,1195, ,2020-12-23 07:12:25
338,431 Szkesfehrvr Avenue,, ,48,57828, ,2020-12-23 07:12:25
339,503 Sogamoso Loop,, ,505,49812, ,2020-12-23 07:12:25
340,507 Smolensk Loop,, ,492,22971, ,2020-12-23 07:12:25
341,1920 Weifang Avenue,, ,427,15643, ,2020-12-23 07:12:25
342,124 al-Manama Way,, ,382,52368, ,2020-12-23 07:12:25
343,1443 Mardan Street,, ,392,31483, ,2020-12-23 07:12:25
344,1909 Benguela Lane,, ,581,19913, ,2020-12-23 07:12:25
345,68 Ponce Parkway,, ,201,85926, ,2020-12-23 07:12:25
346,1217 Konotop Avenue,, ,151,504, ,2020-12-23 07:12:25
347,1293 Nam Dinh Way,, ,84,71583, ,2020-12-23 07:12:25
348,785 Vaduz Street,, ,335,36170, ,2020-12-23 07:12:25
349,1516 Escobar Drive,, ,370,46069, ,2020-12-23 07:12:25
350,1628 Nagareyama Lane,, ,453,60079, ,2020-12-23 07:12:25
351,1157 Nyeri Loop,, ,320,56380, ,2020-12-23 07:12:25
352,1673 Tangail Drive,, ,137,26857, ,2020-12-23 07:12:25
353,381 Kabul Way,, ,209,87272, ,2020-12-23 07:12:25
354,953 Hodeida Street,, ,221,18841, ,2020-12-23 07:12:25
355,469 Nakhon Sawan Street,, ,531,58866, ,2020-12-23 07:12:25
356,1378 Beira Loop,, ,597,40792, ,2020-12-23 07:12:25
357,1641 Changhwa Place,, ,52,37636, ,2020-12-23 07:12:25
358,1698 Southport Loop,, ,393,49009, ,2020-12-23 07:12:25
359,519 Nyeri Manor,, ,461,37650, ,2020-12-23 07:12:26
360,619 Hunuco Avenue,, ,331,81508, ,2020-12-23 07:12:26
361,45 Aparecida de Goinia Place,, ,464,7431, ,2020-12-23 07:12:26
362,482 Kowloon and New Kowloon Manor,, ,90,97056, ,2020-12-23 07:12:26
363,604 Bern Place,, ,429,5373, ,2020-12-23 07:12:26
364,1623 Kingstown Drive,, ,20,91299, ,2020-12-23 07:12:26
365,1009 Zanzibar Lane,, ,32,64875, ,2020-12-23 07:12:26
366,114 Jalib al-Shuyukh Manor,, ,585,60440, ,2020-12-23 07:12:26
367,1163 London Parkway,, ,66,6066, ,2020-12-23 07:12:26
368,1658 Jastrzebie-Zdrj Loop,, ,372,96584, ,2020-12-23 07:12:26
369,817 Laredo Avenue,, ,188,77449, ,2020-12-23 07:12:26
370,1565 Tangail Manor,, ,377,45750, ,2020-12-23 07:12:26
371,1912 Emeishan Drive,, ,50,33050, ,2020-12-23 07:12:26
372,230 Urawa Drive,, ,8,2738, ,2020-12-23 07:12:26
373,1922 Miraj Way,, ,356,13203, ,2020-12-23 07:12:26
374,433 Florencia Street,, ,250,91330, ,2020-12-23 07:12:26
375,1049 Matamoros Parkway,, ,191,69640, ,2020-12-23 07:12:26
376,1061 Ede Avenue,, ,98,57810, ,2020-12-23 07:12:26
377,154 Oshawa Manor,, ,415,72771, ,2020-12-23 07:12:26
378,1191 Tandil Drive,, ,523,6362, ,2020-12-23 07:12:26
379,1133 Rizhao Avenue,, ,572,2800, ,2020-12-23 07:12:26
380,1519 Santiago de los Caballeros Loop,, ,348,22025, ,2020-12-23 07:12:26
381,1618 Olomouc Manor,, ,285,26385, ,2020-12-23 07:12:26
382,220 Hidalgo Drive,, ,265,45298, ,2020-12-23 07:12:26
383,686 Donostia-San Sebastin Lane,, ,471,97390, ,2020-12-23 07:12:26
384,97 Mogiljov Lane,, ,73,89294, ,2020-12-23 07:12:26
385,1642 Charlotte Amalie Drive,, ,549,75442, ,2020-12-23 07:12:26
386,1368 Maracabo Boulevard,, ,493,32716, ,2020-12-23 07:12:26
387,401 Sucre Boulevard,, ,322,25007, ,2020-12-23 07:12:26
388,368 Hunuco Boulevard,, ,360,17165, ,2020-12-23 07:12:26
389,500 Lincoln Parkway,, ,210,95509, ,2020-12-23 07:12:26
390,102 Chapra Drive,, ,521,14073, ,2020-12-23 07:12:26
391,1793 Meixian Place,, ,258,33535, ,2020-12-23 07:12:26
392,514 Ife Way,, ,315,69973, ,2020-12-23 07:12:26
393,717 Changzhou Lane,, ,104,21615, ,2020-12-23 07:12:26
394,753 Ilorin Avenue,, ,157,3656, ,2020-12-23 07:12:26
395,1337 Mit Ghamr Avenue,, ,358,29810, ,2020-12-23 07:12:26
396,767 Pyongyang Drive,, ,229,83536, ,2020-12-23 07:12:26
397,614 Pak Kret Street,, ,6,27796, ,2020-12-23 07:12:26
398,954 Lapu-Lapu Way,, ,278,8816, ,2020-12-23 07:12:26
399,331 Bydgoszcz Parkway,, ,181,966, ,2020-12-23 07:12:26
400,1152 Citrus Heights Manor,, ,15,5239, ,2020-12-23 07:12:26
401,168 Cianjur Manor,, ,228,73824, ,2020-12-23 07:12:26
402,616 Hagonoy Avenue,, ,39,46043, ,2020-12-23 07:12:26
403,1190 0 Place,, ,44,10417, ,2020-12-23 07:12:26
404,734 Bchar Place,, ,375,30586, ,2020-12-23 07:12:26
405,530 Lausanne Lane,, ,135,11067, ,2020-12-23 07:12:26
406,454 Patiala Lane,, ,276,13496, ,2020-12-23 07:12:26
407,1346 Mysore Drive,, ,92,61507, ,2020-12-23 07:12:26
408,990 Etawah Loop,, ,564,79940, ,2020-12-23 07:12:26
409,1266 Laredo Parkway,, ,380,7664, ,2020-12-23 07:12:26
410,88 Nagaon Manor,, ,524,86868, ,2020-12-23 07:12:26
411,264 Bhimavaram Manor,, ,111,54749, ,2020-12-23 07:12:26
412,1639 Saarbrcken Drive,, ,437,9827, ,2020-12-23 07:12:26
413,692 Amroha Drive,, ,230,35575, ,2020-12-23 07:12:26
414,1936 Lapu-Lapu Parkway,, ,141,7122, ,2020-12-23 07:12:26
415,432 Garden Grove Street,, ,430,65630, ,2020-12-23 07:12:26
416,1445 Carmen Parkway,, ,117,70809, ,2020-12-23 07:12:26
417,791 Salinas Street,, ,208,40509, ,2020-12-23 07:12:26
418,126 Acua Parkway,, ,71,58888, ,2020-12-23 07:12:26
419,397 Sunnyvale Avenue,, ,19,55566, ,2020-12-23 07:12:26
420,992 Klerksdorp Loop,, ,23,33711, ,2020-12-23 07:12:26
421,966 Arecibo Loop,, ,134,94018, ,2020-12-23 07:12:26
422,289 Santo Andr Manor,, ,16,72410, ,2020-12-23 07:12:26
423,437 Chungho Drive,, ,450,59489, ,2020-12-23 07:12:26
424,1948 Bayugan Parkway,, ,264,60622, ,2020-12-23 07:12:26
425,1866 al-Qatif Avenue,, ,155,89420, ,2020-12-23 07:12:26
426,1661 Abha Drive,, ,416,14400, ,2020-12-23 07:12:26
427,1557 Cape Coral Parkway,, ,293,46875, ,2020-12-23 07:12:26
428,1727 Matamoros Place,, ,465,78813, ,2020-12-23 07:12:26
429,1269 Botosani Manor,, ,468,47394, ,2020-12-23 07:12:26
430,355 Vitria de Santo Anto Way,, ,452,81758, ,2020-12-23 07:12:26
431,1596 Acua Parkway,, ,418,70425, ,2020-12-23 07:12:26
432,259 Ipoh Drive,, ,189,64964, ,2020-12-23 07:12:26
433,1823 Hoshiarpur Lane,, ,510,33191, ,2020-12-23 07:12:26
434,1404 Taguig Drive,, ,547,87212, ,2020-12-23 07:12:26
435,740 Udaipur Lane,, ,150,33505, ,2020-12-23 07:12:26
436,287 Cuautla Boulevard,, ,501,72736, ,2020-12-23 07:12:26
437,1766 Almirante Brown Street,, ,364,63104, ,2020-12-23 07:12:27
438,596 Huixquilucan Place,, ,351,65892, ,2020-12-23 07:12:27
439,1351 Aparecida de Goinia Parkway,, ,391,41775, ,2020-12-23 07:12:27
440,722 Bradford Lane,, ,249,90920, ,2020-12-23 07:12:27
441,983 Santa F Way,, ,565,47472, ,2020-12-23 07:12:27
442,1245 Ibirit Way,, ,290,40926, ,2020-12-23 07:12:27
443,1836 Korla Parkway,, ,272,55405, ,2020-12-23 07:12:27
444,231 Kaliningrad Place,, ,70,57833, ,2020-12-23 07:12:27
445,495 Bhimavaram Lane,, ,144,3, ,2020-12-23 07:12:27
446,1924 Shimonoseki Drive,, ,59,52625, ,2020-12-23 07:12:27
447,105 Dzerzinsk Manor,, ,540,48570, ,2020-12-23 07:12:27
448,614 Denizli Parkway,, ,486,29444, ,2020-12-23 07:12:27
449,1289 Belm Boulevard,, ,530,88306, ,2020-12-23 07:12:27
450,203 Tambaram Street,, ,161,73942, ,2020-12-23 07:12:27
451,1704 Tambaram Manor,, ,554,2834, ,2020-12-23 07:12:27
452,207 Cuernavaca Loop,, ,352,52671, ,2020-12-23 07:12:27
453,319 Springs Loop,, ,160,99552, ,2020-12-23 07:12:27
454,956 Nam Dinh Manor,, ,481,21872, ,2020-12-23 07:12:27
455,1947 Paarl Way,, ,509,23636, ,2020-12-23 07:12:27
456,814 Simferopol Loop,, ,154,48745, ,2020-12-23 07:12:27
457,535 Ahmadnagar Manor,, ,3,41136, ,2020-12-23 07:12:27
458,138 Caracas Boulevard,, ,326,16790, ,2020-12-23 07:12:27
459,251 Florencia Drive,, ,556,16119, ,2020-12-23 07:12:27
460,659 Gatineau Boulevard,, ,153,28587, ,2020-12-23 07:12:27
461,1889 Valparai Way,, ,600,75559, ,2020-12-23 07:12:27
462,1485 Bratislava Place,, ,435,83183, ,2020-12-23 07:12:27
463,935 Aden Boulevard,, ,532,64709, ,2020-12-23 07:12:27
464,76 Kermanshah Manor,, ,423,23343, ,2020-12-23 07:12:27
465,734 Tanshui Avenue,, ,170,70664, ,2020-12-23 07:12:27
466,118 Jaffna Loop,, ,182,10447, ,2020-12-23 07:12:27
467,1621 Tongliao Avenue,, ,558,22173, ,2020-12-23 07:12:27
468,1844 Usak Avenue,, ,196,84461, ,2020-12-23 07:12:27
469,1872 Toulon Loop,, ,428,7939, ,2020-12-23 07:12:27
470,1088 Ibirit Place,, ,595,88502, ,2020-12-23 07:12:27
471,1322 Mosul Parkway,, ,145,95400, ,2020-12-23 07:12:27
472,1447 Chatsworth Place,, ,129,41545, ,2020-12-23 07:12:27
473,1257 Guadalajara Street,, ,78,33599, ,2020-12-23 07:12:27
474,1469 Plock Lane,, ,388,95835, ,2020-12-23 07:12:27
475,434 Ourense (Orense) Manor,, ,206,14122, ,2020-12-23 07:12:27
476,270 Tambaram Parkway,, ,244,9668, ,2020-12-23 07:12:27
477,1786 Salinas Place,, ,359,66546, ,2020-12-23 07:12:27
478,1078 Stara Zagora Drive,, ,301,69221, ,2020-12-23 07:12:27
479,1854 Okara Boulevard,, ,158,42123, ,2020-12-23 07:12:27
480,421 Yaound Street,, ,385,11363, ,2020-12-23 07:12:27
481,1153 Allende Way,, ,179,20336, ,2020-12-23 07:12:27
482,808 Naala-Porto Parkway,, ,500,41060, ,2020-12-23 07:12:27
483,632 Usolje-Sibirskoje Parkway,, ,36,73085, ,2020-12-23 07:12:27
484,98 Pyongyang Boulevard,, ,11,88749, ,2020-12-23 07:12:27
485,984 Novoterkassk Loop,, ,180,28165, ,2020-12-23 07:12:27
486,64 Korla Street,, ,347,25145, ,2020-12-23 07:12:27
487,1785 So Bernardo do Campo Street,, ,125,71182, ,2020-12-23 07:12:27
488,698 Jelets Boulevard,, ,142,2596, ,2020-12-23 07:12:27
489,1297 Alvorada Parkway,, ,587,11839, ,2020-12-23 07:12:27
490,1909 Dayton Avenue,, ,469,88513, ,2020-12-23 07:12:27
491,1789 Saint-Denis Parkway,, ,4,8268, ,2020-12-23 07:12:27
492,185 Mannheim Lane,, ,408,23661, ,2020-12-23 07:12:27
493,184 Mandaluyong Street,, ,288,94239, ,2020-12-23 07:12:27
494,591 Sungai Petani Drive,, ,376,46400, ,2020-12-23 07:12:27
495,656 Matamoros Drive,, ,487,19489, ,2020-12-23 07:12:27
496,775 ostka Drive,, ,337,22358, ,2020-12-23 07:12:27
497,1013 Tabuk Boulevard,, ,261,96203, ,2020-12-23 07:12:27
498,319 Plock Parkway,, ,504,26101, ,2020-12-23 07:12:27
499,1954 Kowloon and New Kowloon Way,, ,434,63667, ,2020-12-23 07:12:27
500,362 Rajkot Lane,, ,47,98030, ,2020-12-23 07:12:27
501,1060 Tandil Lane,, ,432,72349, ,2020-12-23 07:12:27
502,1515 Korla Way,, ,589,57197, ,2020-12-23 07:12:27
503,1416 San Juan Bautista Tuxtepec Avenue,, ,444,50592, ,2020-12-23 07:12:27
504,1 Valle de Santiago Avenue,, ,93,86208, ,2020-12-23 07:12:27
505,519 Brescia Parkway,, ,318,69504, ,2020-12-23 07:12:27
506,414 Mandaluyong Street,, ,314,16370, ,2020-12-23 07:12:27
507,1197 Sokoto Boulevard,, ,478,87687, ,2020-12-23 07:12:27
508,496 Celaya Drive,, ,552,90797, ,2020-12-23 07:12:27
509,786 Matsue Way,, ,245,37469, ,2020-12-23 07:12:27
510,48 Maracabo Place,, ,519,1570, ,2020-12-23 07:12:27
511,1152 al-Qatif Lane,, ,412,44816, ,2020-12-23 07:12:27
512,1269 Ipoh Avenue,, ,163,54674, ,2020-12-23 07:12:27
513,758 Korolev Parkway,, ,568,75474, ,2020-12-23 07:12:27
514,1747 Rustenburg Place,, ,110,51369, ,2020-12-23 07:12:27
515,886 Tonghae Place,, ,259,19450, ,2020-12-23 07:12:27
516,1574 Goinia Boulevard,, ,502,39529, ,2020-12-23 07:12:27
517,548 Uruapan Street,, ,312,35653, ,2020-12-23 07:12:28
519,962 Tama Loop,, ,583,65952, ,2020-12-23 07:12:28
520,1778 Gijn Manor,, ,594,35156, ,2020-12-23 07:12:28
521,568 Dhule (Dhulia) Loop,, ,127,92568, ,2020-12-23 07:12:28
522,1768 Udine Loop,, ,60,32347, ,2020-12-23 07:12:28
523,608 Birgunj Parkway,, ,116,400, ,2020-12-23 07:12:28
524,680 A Corua (La Corua) Manor,, ,482,49806, ,2020-12-23 07:12:28
525,1949 Sanya Street,, ,224,61244, ,2020-12-23 07:12:28
526,617 Klerksdorp Place,, ,366,94707, ,2020-12-23 07:12:28
527,1993 0 Loop,, ,588,41214, ,2020-12-23 07:12:28
528,1176 Southend-on-Sea Manor,, ,458,81651, ,2020-12-23 07:12:28
529,600 Purnea (Purnia) Avenue,, ,571,18043, ,2020-12-23 07:12:28
530,1003 Qinhuangdao Street,, ,419,25972, ,2020-12-23 07:12:28
531,1986 Sivas Place,, ,551,95775, ,2020-12-23 07:12:28
532,1427 Tabuk Place,, ,101,31342, ,2020-12-23 07:12:28
533,556 Asuncin Way,, ,339,35364, ,2020-12-23 07:12:28
534,486 Ondo Parkway,, ,67,35202, ,2020-12-23 07:12:28
535,635 Brest Manor,, ,75,40899, ,2020-12-23 07:12:28
536,166 Jinchang Street,, ,165,86760, ,2020-12-23 07:12:28
537,958 Sagamihara Lane,, ,287,88408, ,2020-12-23 07:12:28
538,1817 Livorno Way,, ,100,79401, ,2020-12-23 07:12:28
539,1332 Gaziantep Lane,, ,80,22813, ,2020-12-23 07:12:28
540,949 Allende Lane,, ,24,67521, ,2020-12-23 07:12:28
541,195 Ilorin Street,, ,363,49250, ,2020-12-23 07:12:28
542,193 Bhusawal Place,, ,539,9750, ,2020-12-23 07:12:28
543,43 Vilnius Manor,, ,42,79814, ,2020-12-23 07:12:28
544,183 Haiphong Street,, ,46,69953, ,2020-12-23 07:12:28
545,163 Augusta-Richmond County Loop,, ,561,33030, ,2020-12-23 07:12:28
546,191 Jos Azueta Parkway,, ,436,13629, ,2020-12-23 07:12:28
547,379 Lublin Parkway,, ,309,74568, ,2020-12-23 07:12:28
548,1658 Cuman Loop,, ,396,51309, ,2020-12-23 07:12:28
549,454 Qinhuangdao Drive,, ,68,25866, ,2020-12-23 07:12:28
550,1715 Okayama Street,, ,485,55676, ,2020-12-23 07:12:28
551,182 Nukualofa Drive,, ,275,15414, ,2020-12-23 07:12:28
552,390 Wroclaw Way,, ,462,5753, ,2020-12-23 07:12:28
553,1421 Quilmes Lane,, ,260,19151, ,2020-12-23 07:12:28
554,947 Trshavn Place,, ,528,841, ,2020-12-23 07:12:28
555,1764 Jalib al-Shuyukh Parkway,, ,459,77642, ,2020-12-23 07:12:28
556,346 Cam Ranh Avenue,, ,599,39976, ,2020-12-23 07:12:28
557,1407 Pachuca de Soto Place,, ,21,26284, ,2020-12-23 07:12:28
558,904 Clarksville Drive,, ,193,52234, ,2020-12-23 07:12:28
559,1917 Kumbakonam Parkway,, ,368,11892, ,2020-12-23 07:12:28
560,1447 Imus Place,, ,426,12905, ,2020-12-23 07:12:28
561,1497 Fengshan Drive,, ,112,63022, ,2020-12-23 07:12:28
562,869 Shikarpur Way,, ,496,57380, ,2020-12-23 07:12:28
563,1059 Yuncheng Avenue,, ,570,47498, ,2020-12-23 07:12:28
564,505 Madiun Boulevard,, ,577,97271, ,2020-12-23 07:12:28
565,1741 Hoshiarpur Boulevard,, ,79,22372, ,2020-12-23 07:12:28
566,1229 Varanasi (Benares) Manor,, ,43,40195, ,2020-12-23 07:12:28
567,1894 Boa Vista Way,, ,178,77464, ,2020-12-23 07:12:28
568,1342 Sharja Way,, ,488,93655, ,2020-12-23 07:12:28
569,1342 Abha Boulevard,, ,95,10714, ,2020-12-23 07:12:28
570,415 Pune Avenue,, ,580,44274, ,2020-12-23 07:12:28
571,1746 Faaa Way,, ,214,32515, ,2020-12-23 07:12:28
572,539 Hami Way,, ,538,52196, ,2020-12-23 07:12:28
573,1407 Surakarta Manor,, ,466,33224, ,2020-12-23 07:12:28
574,502 Mandi Bahauddin Parkway,, ,55,15992, ,2020-12-23 07:12:28
575,1052 Pathankot Avenue,, ,299,77397, ,2020-12-23 07:12:28
576,1351 Sousse Lane,, ,341,37815, ,2020-12-23 07:12:28
577,1501 Pangkal Pinang Avenue,, ,409,943, ,2020-12-23 07:12:28
578,1405 Hagonoy Avenue,, ,133,86587, ,2020-12-23 07:12:28
579,521 San Juan Bautista Tuxtepec Place,, ,598,95093, ,2020-12-23 07:12:28
580,923 Tangail Boulevard,, ,10,33384, ,2020-12-23 07:12:28
581,186 Skikda Lane,, ,131,89422, ,2020-12-23 07:12:28
582,1568 Celaya Parkway,, ,168,34750, ,2020-12-23 07:12:28
583,1489 Kakamigahara Lane,, ,526,98883, ,2020-12-23 07:12:28
584,1819 Alessandria Loop,, ,103,53829, ,2020-12-23 07:12:28
585,1208 Tama Loop,, ,344,73605, ,2020-12-23 07:12:28
586,951 Springs Lane,, ,219,96115, ,2020-12-23 07:12:28
587,760 Miyakonojo Drive,, ,246,64682, ,2020-12-23 07:12:28
588,966 Asuncin Way,, ,212,62703, ,2020-12-23 07:12:28
589,1584 Ljubertsy Lane,, ,494,22954, ,2020-12-23 07:12:28
590,247 Jining Parkway,, ,54,53446, ,2020-12-23 07:12:28
591,773 Dallas Manor,, ,424,12664, ,2020-12-23 07:12:28
592,1923 Stara Zagora Lane,, ,546,95179, ,2020-12-23 07:12:28
593,1402 Zanzibar Boulevard,, ,106,71102, ,2020-12-23 07:12:28
594,1464 Kursk Parkway,, ,574,17381, ,2020-12-23 07:12:28
595,1074 Sanaa Parkway,, ,311,22474, ,2020-12-23 07:12:28
596,1759 Niznekamsk Avenue,, ,14,39414, ,2020-12-23 07:12:28
597,32 Liaocheng Way,, ,248,1944, ,2020-12-23 07:12:28
598,42 Fontana Avenue,, ,512,14684, ,2020-12-23 07:12:28
599,1895 Zhezqazghan Drive,, ,177,36693, ,2020-12-23 07:12:28
600,1837 Kaduna Parkway,, ,241,82580, ,2020-12-23 07:12:28
601,844 Bucuresti Place,, ,242,36603, ,2020-12-23 07:12:28
602,1101 Bucuresti Boulevard,, ,401,97661, ,2020-12-23 07:12:28
603,1103 Quilmes Boulevard,, ,503,52137, ,2020-12-23 07:12:28
604,1331 Usak Boulevard,, ,296,61960, ,2020-12-23 07:12:29
605,1325 Fukuyama Street,, ,537,27107, ,2020-12-23 07:12:29
