film_id,category_id,last_update
1,6,2020-12-23 07:14:58
2,11,2020-12-23 07:14:58
3,6,2020-12-23 07:14:58
4,11,2020-12-23 07:14:58
5,8,2020-12-23 07:14:58
6,9,2020-12-23 07:14:58
7,5,2020-12-23 07:14:58
8,11,2020-12-23 07:14:58
9,11,2020-12-23 07:14:58
10,15,2020-12-23 07:14:58
11,9,2020-12-23 07:14:58
12,12,2020-12-23 07:14:58
13,11,2020-12-23 07:14:58
14,4,2020-12-23 07:14:58
15,9,2020-12-23 07:14:58
16,9,2020-12-23 07:14:58
17,12,2020-12-23 07:14:58
18,2,2020-12-23 07:14:58
19,1,2020-12-23 07:14:58
20,12,2020-12-23 07:14:58
21,1,2020-12-23 07:14:58
22,13,2020-12-23 07:14:58
23,2,2020-12-23 07:14:58
24,11,2020-12-23 07:14:58
25,13,2020-12-23 07:14:58
26,14,2020-12-23 07:14:58
27,15,2020-12-23 07:14:58
28,5,2020-12-23 07:14:58
29,1,2020-12-23 07:14:58
30,11,2020-12-23 07:14:58
31,8,2020-12-23 07:14:58
32,13,2020-12-23 07:14:58
33,7,2020-12-23 07:14:58
34,11,2020-12-23 07:14:58
35,11,2020-12-23 07:14:58
36,2,2020-12-23 07:14:58
37,4,2020-12-23 07:14:58
38,1,2020-12-23 07:14:58
39,14,2020-12-23 07:14:58
40,6,2020-12-23 07:14:58
41,16,2020-12-23 07:14:58
42,15,2020-12-23 07:14:58
43,8,2020-12-23 07:14:58
44,14,2020-12-23 07:14:58
45,13,2020-12-23 07:14:58
46,10,2020-12-23 07:14:58
47,9,2020-12-23 07:14:58
48,3,2020-12-23 07:14:59
49,14,2020-12-23 07:14:59
50,8,2020-12-23 07:14:59
51,12,2020-12-23 07:14:59
52,9,2020-12-23 07:14:59
53,8,2020-12-23 07:14:59
54,12,2020-12-23 07:14:59
55,14,2020-12-23 07:14:59
56,1,2020-12-23 07:14:59
57,16,2020-12-23 07:14:59
58,6,2020-12-23 07:14:59
59,3,2020-12-23 07:14:59
60,4,2020-12-23 07:14:59
61,7,2020-12-23 07:14:59
62,6,2020-12-23 07:14:59
63,8,2020-12-23 07:14:59
64,7,2020-12-23 07:14:59
65,11,2020-12-23 07:14:59
66,3,2020-12-23 07:14:59
67,1,2020-12-23 07:14:59
68,3,2020-12-23 07:14:59
69,14,2020-12-23 07:14:59
70,2,2020-12-23 07:14:59
71,8,2020-12-23 07:14:59
72,6,2020-12-23 07:14:59
73,14,2020-12-23 07:14:59
74,12,2020-12-23 07:14:59
75,16,2020-12-23 07:14:59
76,12,2020-12-23 07:14:59
77,13,2020-12-23 07:14:59
78,2,2020-12-23 07:14:59
79,7,2020-12-23 07:14:59
80,8,2020-12-23 07:14:59
81,14,2020-12-23 07:14:59
82,8,2020-12-23 07:14:59
83,8,2020-12-23 07:14:59
84,16,2020-12-23 07:14:59
85,6,2020-12-23 07:14:59
86,12,2020-12-23 07:14:59
87,16,2020-12-23 07:14:59
88,16,2020-12-23 07:14:59
89,2,2020-12-23 07:14:59
90,13,2020-12-23 07:14:59
91,4,2020-12-23 07:14:59
92,11,2020-12-23 07:14:59
93,13,2020-12-23 07:14:59
94,8,2020-12-23 07:14:59
95,13,2020-12-23 07:14:59
96,13,2020-12-23 07:14:59
97,1,2020-12-23 07:14:59
98,7,2020-12-23 07:14:59
99,5,2020-12-23 07:14:59
100,9,2020-12-23 07:14:59
101,6,2020-12-23 07:14:59
102,15,2020-12-23 07:14:59
103,16,2020-12-23 07:14:59
104,9,2020-12-23 07:14:59
105,1,2020-12-23 07:14:59
106,10,2020-12-23 07:14:59
107,7,2020-12-23 07:14:59
108,13,2020-12-23 07:14:59
109,13,2020-12-23 07:14:59
110,3,2020-12-23 07:14:59
111,1,2020-12-23 07:14:59
112,9,2020-12-23 07:14:59
113,15,2020-12-23 07:14:59
114,14,2020-12-23 07:14:59
115,1,2020-12-23 07:14:59
116,4,2020-12-23 07:14:59
117,10,2020-12-23 07:14:59
118,2,2020-12-23 07:14:59
119,5,2020-12-23 07:14:59
120,15,2020-12-23 07:14:59
121,2,2020-12-23 07:14:59
122,11,2020-12-23 07:14:59
123,16,2020-12-23 07:14:59
124,3,2020-12-23 07:14:59
125,16,2020-12-23 07:14:59
126,1,2020-12-23 07:15:00
127,5,2020-12-23 07:15:00
128,9,2020-12-23 07:15:00
129,6,2020-12-23 07:15:00
130,1,2020-12-23 07:15:00
131,4,2020-12-23 07:15:00
132,14,2020-12-23 07:15:00
133,12,2020-12-23 07:15:00
134,2,2020-12-23 07:15:00
135,15,2020-12-23 07:15:00
136,13,2020-12-23 07:15:00
137,14,2020-12-23 07:15:00
138,14,2020-12-23 07:15:00
139,8,2020-12-23 07:15:00
140,14,2020-12-23 07:15:00
141,10,2020-12-23 07:15:00
142,6,2020-12-23 07:15:00
143,7,2020-12-23 07:15:00
144,13,2020-12-23 07:15:00
145,8,2020-12-23 07:15:00
146,7,2020-12-23 07:15:00
147,8,2020-12-23 07:15:00
148,9,2020-12-23 07:15:00
149,3,2020-12-23 07:15:00
150,6,2020-12-23 07:15:00
151,14,2020-12-23 07:15:00
152,3,2020-12-23 07:15:00
153,14,2020-12-23 07:15:00
154,2,2020-12-23 07:15:00
155,13,2020-12-23 07:15:00
156,6,2020-12-23 07:15:00
157,3,2020-12-23 07:15:00
158,12,2020-12-23 07:15:00
159,5,2020-12-23 07:15:00
160,2,2020-12-23 07:15:00
161,12,2020-12-23 07:15:00
162,1,2020-12-23 07:15:00
163,13,2020-12-23 07:15:00
164,6,2020-12-23 07:15:00
165,14,2020-12-23 07:15:00
166,4,2020-12-23 07:15:00
167,16,2020-12-23 07:15:00
168,3,2020-12-23 07:15:00
169,16,2020-12-23 07:15:00
170,9,2020-12-23 07:15:00
171,11,2020-12-23 07:15:00
172,7,2020-12-23 07:15:00
173,7,2020-12-23 07:15:00
174,12,2020-12-23 07:15:00
175,8,2020-12-23 07:15:00
176,15,2020-12-23 07:15:00
177,14,2020-12-23 07:15:00
178,5,2020-12-23 07:15:00
179,7,2020-12-23 07:15:00
180,4,2020-12-23 07:15:00
181,16,2020-12-23 07:15:00
182,5,2020-12-23 07:15:00
183,8,2020-12-23 07:15:00
184,4,2020-12-23 07:15:00
185,9,2020-12-23 07:15:00
186,7,2020-12-23 07:15:00
187,15,2020-12-23 07:15:00
188,5,2020-12-23 07:15:00
189,10,2020-12-23 07:15:00
190,4,2020-12-23 07:15:00
191,3,2020-12-23 07:15:00
192,9,2020-12-23 07:15:00
193,2,2020-12-23 07:15:00
194,1,2020-12-23 07:15:00
195,14,2020-12-23 07:15:00
196,4,2020-12-23 07:15:00
197,15,2020-12-23 07:15:00
198,9,2020-12-23 07:15:00
199,6,2020-12-23 07:15:00
200,10,2020-12-23 07:15:00
201,9,2020-12-23 07:15:00
202,5,2020-12-23 07:15:00
203,14,2020-12-23 07:15:00
204,7,2020-12-23 07:15:00
205,1,2020-12-23 07:15:00
206,6,2020-12-23 07:15:01
207,9,2020-12-23 07:15:01
208,2,2020-12-23 07:15:01
209,7,2020-12-23 07:15:01
210,1,2020-12-23 07:15:01
211,10,2020-12-23 07:15:01
212,1,2020-12-23 07:15:01
213,8,2020-12-23 07:15:01
214,3,2020-12-23 07:15:01
215,10,2020-12-23 07:15:01
216,13,2020-12-23 07:15:01
217,10,2020-12-23 07:15:01
218,7,2020-12-23 07:15:01
219,6,2020-12-23 07:15:01
220,12,2020-12-23 07:15:01
221,6,2020-12-23 07:15:01
222,11,2020-12-23 07:15:01
223,2,2020-12-23 07:15:01
224,16,2020-12-23 07:15:01
225,7,2020-12-23 07:15:01
226,13,2020-12-23 07:15:01
227,10,2020-12-23 07:15:01
228,4,2020-12-23 07:15:01
229,1,2020-12-23 07:15:01
230,7,2020-12-23 07:15:01
231,8,2020-12-23 07:15:01
232,10,2020-12-23 07:15:01
233,16,2020-12-23 07:15:01
234,14,2020-12-23 07:15:01
235,14,2020-12-23 07:15:01
236,10,2020-12-23 07:15:01
237,15,2020-12-23 07:15:01
238,3,2020-12-23 07:15:01
239,2,2020-12-23 07:15:01
240,14,2020-12-23 07:15:01
241,2,2020-12-23 07:15:01
242,5,2020-12-23 07:15:01
243,2,2020-12-23 07:15:01
244,12,2020-12-23 07:15:01
245,2,2020-12-23 07:15:01
246,9,2020-12-23 07:15:01
247,5,2020-12-23 07:15:01
248,6,2020-12-23 07:15:01
249,4,2020-12-23 07:15:01
250,1,2020-12-23 07:15:01
251,13,2020-12-23 07:15:01
252,1,2020-12-23 07:15:01
253,1,2020-12-23 07:15:01
254,15,2020-12-23 07:15:01
255,12,2020-12-23 07:15:01
256,15,2020-12-23 07:15:01
257,16,2020-12-23 07:15:01
258,11,2020-12-23 07:15:01
259,2,2020-12-23 07:15:01
260,15,2020-12-23 07:15:01
261,6,2020-12-23 07:15:01
262,8,2020-12-23 07:15:01
263,15,2020-12-23 07:15:01
264,10,2020-12-23 07:15:01
265,5,2020-12-23 07:15:01
266,4,2020-12-23 07:15:01
267,13,2020-12-23 07:15:01
268,2,2020-12-23 07:15:01
269,8,2020-12-23 07:15:01
270,13,2020-12-23 07:15:01
271,1,2020-12-23 07:15:01
272,7,2020-12-23 07:15:01
273,8,2020-12-23 07:15:01
274,6,2020-12-23 07:15:01
275,11,2020-12-23 07:15:01
276,5,2020-12-23 07:15:01
277,11,2020-12-23 07:15:01
278,12,2020-12-23 07:15:01
279,15,2020-12-23 07:15:01
280,3,2020-12-23 07:15:01
281,10,2020-12-23 07:15:01
282,7,2020-12-23 07:15:01
283,13,2020-12-23 07:15:01
284,12,2020-12-23 07:15:01
285,14,2020-12-23 07:15:01
286,16,2020-12-23 07:15:01
287,1,2020-12-23 07:15:01
288,16,2020-12-23 07:15:01
289,13,2020-12-23 07:15:01
290,9,2020-12-23 07:15:01
291,15,2020-12-23 07:15:02
292,1,2020-12-23 07:15:02
293,15,2020-12-23 07:15:02
294,16,2020-12-23 07:15:02
295,6,2020-12-23 07:15:02
296,14,2020-12-23 07:15:02
297,4,2020-12-23 07:15:02
298,14,2020-12-23 07:15:02
299,16,2020-12-23 07:15:02
300,2,2020-12-23 07:15:02
301,11,2020-12-23 07:15:02
302,10,2020-12-23 07:15:02
303,1,2020-12-23 07:15:02
304,3,2020-12-23 07:15:02
305,13,2020-12-23 07:15:02
306,10,2020-12-23 07:15:02
307,16,2020-12-23 07:15:02
308,5,2020-12-23 07:15:02
309,8,2020-12-23 07:15:02
310,10,2020-12-23 07:15:02
311,9,2020-12-23 07:15:02
312,14,2020-12-23 07:15:02
313,11,2020-12-23 07:15:02
314,2,2020-12-23 07:15:02
315,8,2020-12-23 07:15:02
316,10,2020-12-23 07:15:02
317,5,2020-12-23 07:15:02
318,1,2020-12-23 07:15:02
319,14,2020-12-23 07:15:02
320,13,2020-12-23 07:15:02
321,13,2020-12-23 07:15:02
322,15,2020-12-23 07:15:02
323,15,2020-12-23 07:15:02
324,5,2020-12-23 07:15:02
325,2,2020-12-23 07:15:02
326,2,2020-12-23 07:15:02
327,1,2020-12-23 07:15:02
328,3,2020-12-23 07:15:02
329,1,2020-12-23 07:15:02
330,2,2020-12-23 07:15:02
331,10,2020-12-23 07:15:02
332,5,2020-12-23 07:15:02
333,12,2020-12-23 07:15:02
334,11,2020-12-23 07:15:02
335,5,2020-12-23 07:15:02
336,6,2020-12-23 07:15:02
337,9,2020-12-23 07:15:02
338,14,2020-12-23 07:15:02
339,16,2020-12-23 07:15:02
340,13,2020-12-23 07:15:02
341,4,2020-12-23 07:15:02
342,16,2020-12-23 07:15:02
343,3,2020-12-23 07:15:02
344,3,2020-12-23 07:15:02
345,8,2020-12-23 07:15:02
346,4,2020-12-23 07:15:02
347,16,2020-12-23 07:15:02
348,8,2020-12-23 07:15:02
349,2,2020-12-23 07:15:02
350,14,2020-12-23 07:15:02
351,11,2020-12-23 07:15:02
352,10,2020-12-23 07:15:02
353,9,2020-12-23 07:15:02
354,3,2020-12-23 07:15:02
355,2,2020-12-23 07:15:02
356,3,2020-12-23 07:15:02
357,4,2020-12-23 07:15:02
358,4,2020-12-23 07:15:02
359,8,2020-12-23 07:15:02
360,1,2020-12-23 07:15:02
361,15,2020-12-23 07:15:02
362,10,2020-12-23 07:15:02
363,12,2020-12-23 07:15:02
364,13,2020-12-23 07:15:02
365,5,2020-12-23 07:15:02
366,7,2020-12-23 07:15:02
367,14,2020-12-23 07:15:03
368,7,2020-12-23 07:15:03
369,14,2020-12-23 07:15:03
370,3,2020-12-23 07:15:03
371,1,2020-12-23 07:15:03
372,15,2020-12-23 07:15:03
373,3,2020-12-23 07:15:03
374,14,2020-12-23 07:15:03
375,1,2020-12-23 07:15:03
376,9,2020-12-23 07:15:03
377,8,2020-12-23 07:15:03
378,12,2020-12-23 07:15:03
379,7,2020-12-23 07:15:03
380,9,2020-12-23 07:15:03
381,10,2020-12-23 07:15:03
382,10,2020-12-23 07:15:03
383,15,2020-12-23 07:15:03
384,12,2020-12-23 07:15:03
385,5,2020-12-23 07:15:03
386,16,2020-12-23 07:15:03
387,10,2020-12-23 07:15:03
388,5,2020-12-23 07:15:03
389,15,2020-12-23 07:15:03
390,14,2020-12-23 07:15:03
391,8,2020-12-23 07:15:03
392,3,2020-12-23 07:15:03
393,6,2020-12-23 07:15:03
394,14,2020-12-23 07:15:03
395,1,2020-12-23 07:15:03
396,7,2020-12-23 07:15:03
397,14,2020-12-23 07:15:03
398,12,2020-12-23 07:15:03
399,9,2020-12-23 07:15:03
400,6,2020-12-23 07:15:03
401,7,2020-12-23 07:15:03
402,2,2020-12-23 07:15:03
403,7,2020-12-23 07:15:03
404,5,2020-12-23 07:15:03
405,16,2020-12-23 07:15:03
406,10,2020-12-23 07:15:03
407,6,2020-12-23 07:15:03
408,10,2020-12-23 07:15:03
409,3,2020-12-23 07:15:03
410,5,2020-12-23 07:15:03
411,12,2020-12-23 07:15:03
412,6,2020-12-23 07:15:03
413,5,2020-12-23 07:15:03
414,9,2020-12-23 07:15:03
415,11,2020-12-23 07:15:03
416,9,2020-12-23 07:15:03
417,1,2020-12-23 07:15:03
418,7,2020-12-23 07:15:03
419,8,2020-12-23 07:15:03
420,15,2020-12-23 07:15:03
421,9,2020-12-23 07:15:03
422,14,2020-12-23 07:15:03
423,3,2020-12-23 07:15:03
424,3,2020-12-23 07:15:03
425,4,2020-12-23 07:15:03
426,12,2020-12-23 07:15:03
427,6,2020-12-23 07:15:03
428,8,2020-12-23 07:15:03
429,15,2020-12-23 07:15:03
430,2,2020-12-23 07:15:03
431,9,2020-12-23 07:15:03
432,4,2020-12-23 07:15:03
433,2,2020-12-23 07:15:03
434,16,2020-12-23 07:15:03
435,9,2020-12-23 07:15:03
436,13,2020-12-23 07:15:03
437,8,2020-12-23 07:15:03
438,10,2020-12-23 07:15:03
439,7,2020-12-23 07:15:03
440,9,2020-12-23 07:15:03
441,6,2020-12-23 07:15:03
442,8,2020-12-23 07:15:03
443,5,2020-12-23 07:15:03
444,5,2020-12-23 07:15:04
445,4,2020-12-23 07:15:04
446,15,2020-12-23 07:15:04
447,10,2020-12-23 07:15:04
448,13,2020-12-23 07:15:04
449,14,2020-12-23 07:15:04
450,3,2020-12-23 07:15:04
451,16,2020-12-23 07:15:04
452,9,2020-12-23 07:15:04
453,15,2020-12-23 07:15:04
454,12,2020-12-23 07:15:04
455,9,2020-12-23 07:15:04
456,2,2020-12-23 07:15:04
457,6,2020-12-23 07:15:04
458,8,2020-12-23 07:15:04
459,9,2020-12-23 07:15:04
460,9,2020-12-23 07:15:04
461,2,2020-12-23 07:15:04
462,12,2020-12-23 07:15:04
463,15,2020-12-23 07:15:04
464,2,2020-12-23 07:15:04
465,13,2020-12-23 07:15:04
466,6,2020-12-23 07:15:04
467,9,2020-12-23 07:15:04
468,3,2020-12-23 07:15:04
469,4,2020-12-23 07:15:04
470,2,2020-12-23 07:15:04
471,4,2020-12-23 07:15:04
472,16,2020-12-23 07:15:04
473,7,2020-12-23 07:15:04
474,15,2020-12-23 07:15:04
475,11,2020-12-23 07:15:04
476,8,2020-12-23 07:15:04
477,12,2020-12-23 07:15:04
478,5,2020-12-23 07:15:04
479,8,2020-12-23 07:15:04
480,4,2020-12-23 07:15:04
481,13,2020-12-23 07:15:04
482,4,2020-12-23 07:15:04
483,10,2020-12-23 07:15:04
484,4,2020-12-23 07:15:04
485,3,2020-12-23 07:15:04
486,9,2020-12-23 07:15:04
487,4,2020-12-23 07:15:04
488,15,2020-12-23 07:15:04
489,2,2020-12-23 07:15:04
490,13,2020-12-23 07:15:04
491,3,2020-12-23 07:15:04
492,13,2020-12-23 07:15:04
493,9,2020-12-23 07:15:04
494,11,2020-12-23 07:15:04
495,11,2020-12-23 07:15:04
496,16,2020-12-23 07:15:04
497,6,2020-12-23 07:15:04
498,8,2020-12-23 07:15:04
499,8,2020-12-23 07:15:04
500,9,2020-12-23 07:15:04
501,1,2020-12-23 07:15:04
502,5,2020-12-23 07:15:04
503,15,2020-12-23 07:15:04
504,7,2020-12-23 07:15:04
505,3,2020-12-23 07:15:04
506,11,2020-12-23 07:15:04
507,10,2020-12-23 07:15:04
508,10,2020-12-23 07:15:04
509,3,2020-12-23 07:15:04
510,2,2020-12-23 07:15:04
511,1,2020-12-23 07:15:04
512,4,2020-12-23 07:15:04
513,16,2020-12-23 07:15:04
514,7,2020-12-23 07:15:04
515,3,2020-12-23 07:15:04
516,12,2020-12-23 07:15:04
517,15,2020-12-23 07:15:04
518,16,2020-12-23 07:15:04
519,15,2020-12-23 07:15:04
520,14,2020-12-23 07:15:04
521,7,2020-12-23 07:15:04
522,5,2020-12-23 07:15:04
523,4,2020-12-23 07:15:05
524,5,2020-12-23 07:15:05
525,4,2020-12-23 07:15:05
526,16,2020-12-23 07:15:05
527,11,2020-12-23 07:15:05
528,8,2020-12-23 07:15:05
529,5,2020-12-23 07:15:05
530,1,2020-12-23 07:15:05
531,9,2020-12-23 07:15:05
532,15,2020-12-23 07:15:05
533,9,2020-12-23 07:15:05
534,8,2020-12-23 07:15:05
535,11,2020-12-23 07:15:05
536,4,2020-12-23 07:15:05
537,4,2020-12-23 07:15:05
538,13,2020-12-23 07:15:05
539,7,2020-12-23 07:15:05
540,12,2020-12-23 07:15:05
541,2,2020-12-23 07:15:05
542,1,2020-12-23 07:15:05
543,16,2020-12-23 07:15:05
544,6,2020-12-23 07:15:05
545,9,2020-12-23 07:15:05
546,10,2020-12-23 07:15:05
547,3,2020-12-23 07:15:05
548,4,2020-12-23 07:15:05
549,1,2020-12-23 07:15:05
550,8,2020-12-23 07:15:05
551,13,2020-12-23 07:15:05
552,6,2020-12-23 07:15:05
553,3,2020-12-23 07:15:05
554,4,2020-12-23 07:15:05
555,5,2020-12-23 07:15:05
556,10,2020-12-23 07:15:05
557,8,2020-12-23 07:15:05
558,13,2020-12-23 07:15:05
559,14,2020-12-23 07:15:05
560,10,2020-12-23 07:15:05
561,13,2020-12-23 07:15:05
562,12,2020-12-23 07:15:05
563,10,2020-12-23 07:15:05
564,2,2020-12-23 07:15:05
565,9,2020-12-23 07:15:05
566,9,2020-12-23 07:15:05
567,9,2020-12-23 07:15:05
568,5,2020-12-23 07:15:05
569,2,2020-12-23 07:15:05
570,15,2020-12-23 07:15:05
571,6,2020-12-23 07:15:05
572,14,2020-12-23 07:15:05
573,3,2020-12-23 07:15:05
574,1,2020-12-23 07:15:05
575,6,2020-12-23 07:15:05
576,6,2020-12-23 07:15:05
577,15,2020-12-23 07:15:05
578,4,2020-12-23 07:15:05
579,1,2020-12-23 07:15:05
580,13,2020-12-23 07:15:05
581,12,2020-12-23 07:15:05
582,2,2020-12-23 07:15:05
583,2,2020-12-23 07:15:05
584,9,2020-12-23 07:15:05
585,7,2020-12-23 07:15:05
586,1,2020-12-23 07:15:05
587,6,2020-12-23 07:15:05
588,3,2020-12-23 07:15:05
589,6,2020-12-23 07:15:05
590,13,2020-12-23 07:15:05
591,10,2020-12-23 07:15:05
592,12,2020-12-23 07:15:05
593,11,2020-12-23 07:15:05
594,1,2020-12-23 07:15:05
595,9,2020-12-23 07:15:05
596,10,2020-12-23 07:15:05
597,10,2020-12-23 07:15:05
598,15,2020-12-23 07:15:05
599,15,2020-12-23 07:15:05
600,11,2020-12-23 07:15:05
601,16,2020-12-23 07:15:05
602,14,2020-12-23 07:15:05
603,8,2020-12-23 07:15:05
604,5,2020-12-23 07:15:05
605,9,2020-12-23 07:15:05
606,15,2020-12-23 07:15:05
607,9,2020-12-23 07:15:05
608,3,2020-12-23 07:15:06
609,16,2020-12-23 07:15:06
610,8,2020-12-23 07:15:06
611,4,2020-12-23 07:15:06
612,15,2020-12-23 07:15:06
613,5,2020-12-23 07:15:06
614,10,2020-12-23 07:15:06
615,2,2020-12-23 07:15:06
616,6,2020-12-23 07:15:06
617,8,2020-12-23 07:15:06
618,7,2020-12-23 07:15:06
619,15,2020-12-23 07:15:06
620,14,2020-12-23 07:15:06
621,8,2020-12-23 07:15:06
622,6,2020-12-23 07:15:06
623,9,2020-12-23 07:15:06
624,10,2020-12-23 07:15:06
625,14,2020-12-23 07:15:06
626,3,2020-12-23 07:15:06
627,6,2020-12-23 07:15:06
628,15,2020-12-23 07:15:06
629,6,2020-12-23 07:15:06
630,7,2020-12-23 07:15:06
631,15,2020-12-23 07:15:06
632,13,2020-12-23 07:15:06
633,4,2020-12-23 07:15:06
634,8,2020-12-23 07:15:06
635,13,2020-12-23 07:15:06
636,12,2020-12-23 07:15:06
637,14,2020-12-23 07:15:06
638,5,2020-12-23 07:15:06
639,8,2020-12-23 07:15:06
640,9,2020-12-23 07:15:06
641,9,2020-12-23 07:15:06
642,16,2020-12-23 07:15:06
643,7,2020-12-23 07:15:06
644,2,2020-12-23 07:15:06
645,16,2020-12-23 07:15:06
646,10,2020-12-23 07:15:06
647,12,2020-12-23 07:15:06
648,16,2020-12-23 07:15:06
649,2,2020-12-23 07:15:06
650,6,2020-12-23 07:15:06
651,2,2020-12-23 07:15:06
652,4,2020-12-23 07:15:06
653,11,2020-12-23 07:15:06
654,10,2020-12-23 07:15:06
655,14,2020-12-23 07:15:06
656,16,2020-12-23 07:15:06
657,5,2020-12-23 07:15:06
658,11,2020-12-23 07:15:06
659,1,2020-12-23 07:15:06
660,5,2020-12-23 07:15:06
661,9,2020-12-23 07:15:06
662,7,2020-12-23 07:15:06
663,4,2020-12-23 07:15:06
664,1,2020-12-23 07:15:06
665,11,2020-12-23 07:15:06
666,7,2020-12-23 07:15:06
667,15,2020-12-23 07:15:06
668,15,2020-12-23 07:15:06
669,9,2020-12-23 07:15:06
670,6,2020-12-23 07:15:06
671,15,2020-12-23 07:15:06
672,5,2020-12-23 07:15:06
673,12,2020-12-23 07:15:06
674,9,2020-12-23 07:15:06
675,13,2020-12-23 07:15:06
676,15,2020-12-23 07:15:06
677,13,2020-12-23 07:15:06
678,15,2020-12-23 07:15:06
679,8,2020-12-23 07:15:06
680,5,2020-12-23 07:15:06
681,15,2020-12-23 07:15:06
682,8,2020-12-23 07:15:06
683,7,2020-12-23 07:15:06
684,10,2020-12-23 07:15:06
685,13,2020-12-23 07:15:06
686,13,2020-12-23 07:15:06
687,6,2020-12-23 07:15:07
688,3,2020-12-23 07:15:07
689,9,2020-12-23 07:15:07
690,2,2020-12-23 07:15:07
691,15,2020-12-23 07:15:07
692,2,2020-12-23 07:15:07
693,2,2020-12-23 07:15:07
694,4,2020-12-23 07:15:07
695,8,2020-12-23 07:15:07
696,2,2020-12-23 07:15:07
697,1,2020-12-23 07:15:07
698,6,2020-12-23 07:15:07
699,10,2020-12-23 07:15:07
700,8,2020-12-23 07:15:07
701,10,2020-12-23 07:15:07
702,11,2020-12-23 07:15:07
703,2,2020-12-23 07:15:07
704,5,2020-12-23 07:15:07
705,9,2020-12-23 07:15:07
706,7,2020-12-23 07:15:07
707,1,2020-12-23 07:15:07
708,6,2020-12-23 07:15:07
709,7,2020-12-23 07:15:07
710,8,2020-12-23 07:15:07
711,14,2020-12-23 07:15:07
712,6,2020-12-23 07:15:07
713,6,2020-12-23 07:15:07
714,14,2020-12-23 07:15:07
715,8,2020-12-23 07:15:07
716,11,2020-12-23 07:15:07
717,1,2020-12-23 07:15:07
718,12,2020-12-23 07:15:07
719,15,2020-12-23 07:15:07
720,13,2020-12-23 07:15:07
721,12,2020-12-23 07:15:07
722,11,2020-12-23 07:15:07
723,14,2020-12-23 07:15:07
724,8,2020-12-23 07:15:07
725,4,2020-12-23 07:15:07
726,9,2020-12-23 07:15:07
727,8,2020-12-23 07:15:07
728,7,2020-12-23 07:15:07
729,15,2020-12-23 07:15:07
730,13,2020-12-23 07:15:07
731,4,2020-12-23 07:15:07
732,1,2020-12-23 07:15:07
733,15,2020-12-23 07:15:07
734,6,2020-12-23 07:15:07
735,3,2020-12-23 07:15:07
736,8,2020-12-23 07:15:07
737,11,2020-12-23 07:15:07
738,9,2020-12-23 07:15:07
739,7,2020-12-23 07:15:07
740,11,2020-12-23 07:15:07
741,12,2020-12-23 07:15:07
742,10,2020-12-23 07:15:07
743,2,2020-12-23 07:15:07
744,4,2020-12-23 07:15:07
745,15,2020-12-23 07:15:07
746,10,2020-12-23 07:15:07
747,10,2020-12-23 07:15:07
748,1,2020-12-23 07:15:07
749,11,2020-12-23 07:15:07
750,13,2020-12-23 07:15:07
751,13,2020-12-23 07:15:07
752,12,2020-12-23 07:15:07
753,8,2020-12-23 07:15:07
754,5,2020-12-23 07:15:07
755,3,2020-12-23 07:15:07
756,5,2020-12-23 07:15:07
757,6,2020-12-23 07:15:07
758,7,2020-12-23 07:15:07
759,13,2020-12-23 07:15:07
760,13,2020-12-23 07:15:07
761,3,2020-12-23 07:15:07
762,10,2020-12-23 07:15:07
763,15,2020-12-23 07:15:07
764,15,2020-12-23 07:15:07
765,5,2020-12-23 07:15:07
766,7,2020-12-23 07:15:08
767,12,2020-12-23 07:15:08
768,3,2020-12-23 07:15:08
769,9,2020-12-23 07:15:08
770,9,2020-12-23 07:15:08
771,7,2020-12-23 07:15:08
772,7,2020-12-23 07:15:08
773,15,2020-12-23 07:15:08
774,5,2020-12-23 07:15:08
775,7,2020-12-23 07:15:08
776,6,2020-12-23 07:15:08
777,15,2020-12-23 07:15:08
778,8,2020-12-23 07:15:08
779,15,2020-12-23 07:15:08
780,8,2020-12-23 07:15:08
781,10,2020-12-23 07:15:08
782,15,2020-12-23 07:15:08
783,16,2020-12-23 07:15:08
784,16,2020-12-23 07:15:08
785,16,2020-12-23 07:15:08
786,3,2020-12-23 07:15:08
787,16,2020-12-23 07:15:08
788,6,2020-12-23 07:15:08
789,9,2020-12-23 07:15:08
790,7,2020-12-23 07:15:08
791,6,2020-12-23 07:15:08
792,9,2020-12-23 07:15:08
793,1,2020-12-23 07:15:08
794,1,2020-12-23 07:15:08
795,8,2020-12-23 07:15:08
796,15,2020-12-23 07:15:08
797,12,2020-12-23 07:15:08
798,14,2020-12-23 07:15:08
799,11,2020-12-23 07:15:08
800,11,2020-12-23 07:15:08
801,3,2020-12-23 07:15:08
802,1,2020-12-23 07:15:08
803,7,2020-12-23 07:15:08
804,11,2020-12-23 07:15:08
805,2,2020-12-23 07:15:08
806,13,2020-12-23 07:15:08
807,10,2020-12-23 07:15:08
808,4,2020-12-23 07:15:08
809,15,2020-12-23 07:15:08
810,8,2020-12-23 07:15:08
811,16,2020-12-23 07:15:08
812,6,2020-12-23 07:15:08
813,15,2020-12-23 07:15:08
814,5,2020-12-23 07:15:08
815,4,2020-12-23 07:15:08
816,2,2020-12-23 07:15:08
817,14,2020-12-23 07:15:08
818,7,2020-12-23 07:15:08
819,12,2020-12-23 07:15:08
820,2,2020-12-23 07:15:08
821,9,2020-12-23 07:15:08
822,8,2020-12-23 07:15:08
823,1,2020-12-23 07:15:08
824,8,2020-12-23 07:15:08
825,1,2020-12-23 07:15:08
826,16,2020-12-23 07:15:08
827,7,2020-12-23 07:15:08
828,4,2020-12-23 07:15:08
829,8,2020-12-23 07:15:08
830,11,2020-12-23 07:15:08
831,14,2020-12-23 07:15:08
832,8,2020-12-23 07:15:08
833,3,2020-12-23 07:15:08
834,6,2020-12-23 07:15:08
835,10,2020-12-23 07:15:08
836,15,2020-12-23 07:15:08
837,5,2020-12-23 07:15:08
838,1,2020-12-23 07:15:08
839,14,2020-12-23 07:15:08
840,10,2020-12-23 07:15:08
841,15,2020-12-23 07:15:08
842,10,2020-12-23 07:15:08
843,4,2020-12-23 07:15:08
844,15,2020-12-23 07:15:09
845,9,2020-12-23 07:15:09
846,13,2020-12-23 07:15:09
847,13,2020-12-23 07:15:09
848,16,2020-12-23 07:15:09
849,2,2020-12-23 07:15:09
850,1,2020-12-23 07:15:09
851,15,2020-12-23 07:15:09
852,3,2020-12-23 07:15:09
853,3,2020-12-23 07:15:09
854,11,2020-12-23 07:15:09
855,6,2020-12-23 07:15:09
856,11,2020-12-23 07:15:09
857,5,2020-12-23 07:15:09
858,5,2020-12-23 07:15:09
859,2,2020-12-23 07:15:09
860,14,2020-12-23 07:15:09
861,10,2020-12-23 07:15:09
862,4,2020-12-23 07:15:09
863,14,2020-12-23 07:15:09
864,3,2020-12-23 07:15:09
865,2,2020-12-23 07:15:09
866,8,2020-12-23 07:15:09
867,8,2020-12-23 07:15:09
868,16,2020-12-23 07:15:09
869,1,2020-12-23 07:15:09
870,11,2020-12-23 07:15:09
871,5,2020-12-23 07:15:09
872,16,2020-12-23 07:15:09
873,3,2020-12-23 07:15:09
874,4,2020-12-23 07:15:09
875,15,2020-12-23 07:15:09
876,11,2020-12-23 07:15:09
877,12,2020-12-23 07:15:09
878,16,2020-12-23 07:15:09
879,12,2020-12-23 07:15:09
880,2,2020-12-23 07:15:09
881,11,2020-12-23 07:15:09
882,7,2020-12-23 07:15:09
883,3,2020-12-23 07:15:09
884,12,2020-12-23 07:15:09
885,11,2020-12-23 07:15:09
886,2,2020-12-23 07:15:09
887,2,2020-12-23 07:15:09
888,6,2020-12-23 07:15:09
889,3,2020-12-23 07:15:09
890,15,2020-12-23 07:15:09
891,4,2020-12-23 07:15:09
892,2,2020-12-23 07:15:09
893,14,2020-12-23 07:15:09
894,16,2020-12-23 07:15:09
895,4,2020-12-23 07:15:09
896,3,2020-12-23 07:15:09
897,7,2020-12-23 07:15:09
898,15,2020-12-23 07:15:09
899,4,2020-12-23 07:15:09
900,9,2020-12-23 07:15:09
901,2,2020-12-23 07:15:09
902,15,2020-12-23 07:15:09
903,16,2020-12-23 07:15:09
904,11,2020-12-23 07:15:09
905,5,2020-12-23 07:15:09
906,5,2020-12-23 07:15:09
907,7,2020-12-23 07:15:09
908,9,2020-12-23 07:15:09
909,11,2020-12-23 07:15:09
910,7,2020-12-23 07:15:09
911,1,2020-12-23 07:15:09
912,14,2020-12-23 07:15:09
913,13,2020-12-23 07:15:09
914,16,2020-12-23 07:15:09
915,1,2020-12-23 07:15:09
916,2,2020-12-23 07:15:09
917,15,2020-12-23 07:15:09
918,3,2020-12-23 07:15:09
919,10,2020-12-23 07:15:09
920,13,2020-12-23 07:15:09
921,12,2020-12-23 07:15:09
922,11,2020-12-23 07:15:10
923,7,2020-12-23 07:15:10
924,14,2020-12-23 07:15:10
925,6,2020-12-23 07:15:10
926,6,2020-12-23 07:15:10
927,1,2020-12-23 07:15:10
928,3,2020-12-23 07:15:10
929,9,2020-12-23 07:15:10
930,14,2020-12-23 07:15:10
931,16,2020-12-23 07:15:10
932,5,2020-12-23 07:15:10
933,13,2020-12-23 07:15:10
934,10,2020-12-23 07:15:10
935,13,2020-12-23 07:15:10
936,12,2020-12-23 07:15:10
937,13,2020-12-23 07:15:10
938,5,2020-12-23 07:15:10
939,5,2020-12-23 07:15:10
940,15,2020-12-23 07:15:10
941,10,2020-12-23 07:15:10
942,7,2020-12-23 07:15:10
943,6,2020-12-23 07:15:10
944,7,2020-12-23 07:15:10
945,6,2020-12-23 07:15:10
946,8,2020-12-23 07:15:10
947,9,2020-12-23 07:15:10
948,13,2020-12-23 07:15:10
949,10,2020-12-23 07:15:10
950,4,2020-12-23 07:15:10
951,4,2020-12-23 07:15:10
952,6,2020-12-23 07:15:10
953,2,2020-12-23 07:15:10
954,13,2020-12-23 07:15:10
955,3,2020-12-23 07:15:10
956,10,2020-12-23 07:15:10
957,9,2020-12-23 07:15:10
958,7,2020-12-23 07:15:10
959,3,2020-12-23 07:15:10
960,6,2020-12-23 07:15:10
961,9,2020-12-23 07:15:10
962,4,2020-12-23 07:15:10
963,2,2020-12-23 07:15:10
964,1,2020-12-23 07:15:10
965,11,2020-12-23 07:15:10
966,6,2020-12-23 07:15:10
967,14,2020-12-23 07:15:10
968,1,2020-12-23 07:15:10
969,7,2020-12-23 07:15:10
970,4,2020-12-23 07:15:10
971,9,2020-12-23 07:15:10
972,14,2020-12-23 07:15:10
973,6,2020-12-23 07:15:10
974,13,2020-12-23 07:15:10
975,8,2020-12-23 07:15:10
976,10,2020-12-23 07:15:10
977,16,2020-12-23 07:15:10
978,5,2020-12-23 07:15:10
979,7,2020-12-23 07:15:10
980,12,2020-12-23 07:15:10
981,16,2020-12-23 07:15:10
982,1,2020-12-23 07:15:10
983,12,2020-12-23 07:15:10
984,9,2020-12-23 07:15:10
985,14,2020-12-23 07:15:10
986,2,2020-12-23 07:15:10
987,12,2020-12-23 07:15:10
988,16,2020-12-23 07:15:10
989,16,2020-12-23 07:15:10
990,11,2020-12-23 07:15:11
991,1,2020-12-23 07:15:11
992,6,2020-12-23 07:15:11
993,3,2020-12-23 07:15:11
994,13,2020-12-23 07:15:11
995,11,2020-12-23 07:15:11
996,6,2020-12-23 07:15:11
997,12,2020-12-23 07:15:11
998,11,2020-12-23 07:15:11
999,3,2020-12-23 07:15:11
1000,5,2020-12-23 07:15:11
